Specimen number (included),3
Modulus (Automatic Young's),"259,371.60226",MPa
Length,"26.00000",mm
Specimen ID,"0040"
Thickness,"2.04500",mm
Width,"10.15000",mm
Tensile stress at Tensile strength,"806.69379",MPa
Tensile strain (Strain 1) at Tensile strength,"0.03669",mm/mm

Time,Extension,Load,Tensile strain (Strain 1),Tensile stress
(s),(mm),(N),(%),(MPa)
"0.00000","0.00181","505.08188","-0.0008","24.3334"
"0.10000","0.00194","505.59485","-0.0007","24.3581"
"0.20000","0.00400","543.89502","-0.0001","26.2033"
"0.30000","0.00637","617.17914","0.0010","29.7339"
"0.40000","0.00831","668.74487","0.0018","32.2182"
"0.50000","0.01056","723.98999","0.0029","34.8797"
"0.60000","0.01175","757.94550","0.0035","36.5156"
"0.70000","0.01312","780.69708","0.0037","37.6117"
"0.80000","0.01537","833.14423","0.0046","40.1385"
"0.90000","0.01681","862.22461","0.0053","41.5395"
"1.00000","0.01837","892.74701","0.0057","43.0100"
"1.10000","0.02012","924.95251","0.0064","44.5615"
"1.20000","0.02231","965.67773","0.0065","46.5236"
"1.30000","0.02350","990.93921","0.0070","47.7406"
"1.40000","0.02475","1,006.28992","0.0076","48.4801"
"1.50000","0.02694","1,049.58496","0.0081","50.5660"
"1.60000","0.02850","1,078.00061","0.0085","51.9349"
"1.70000","0.03006","1,105.89148","0.0090","53.2786"
"1.80000","0.03181","1,132.07458","0.0097","54.5401"
"1.90000","0.03381","1,168.49268","0.0105","56.2946"
"2.00000","0.03525","1,197.65283","0.0107","57.6994"
"2.10000","0.03637","1,209.96521","0.0111","58.2926"
"2.20000","0.03869","1,249.27930","0.0118","60.1867"
"2.30000","0.04019","1,278.89954","0.0121","61.6137"
"2.40000","0.04169","1,301.46899","0.0127","62.7010"
"2.50000","0.04331","1,326.77344","0.0132","63.9201"
"2.60000","0.04537","1,361.07983","0.0137","65.5729"
"2.70000","0.04706","1,394.61414","0.0143","67.1885"
"2.80000","0.04812","1,402.05493","0.0145","67.5469"
"2.90000","0.05012","1,433.86536","0.0152","69.0795"
"3.00000","0.05187","1,467.99072","0.0161","70.7235"
"3.10000","0.05344","1,490.08069","0.0161","71.7878"
"3.20000","0.05500","1,511.87988","0.0165","72.8380"
"3.30000","0.05700","1,545.32422","0.0169","74.4492"
"3.40000","0.05881","1,576.62354","0.0177","75.9571"
"3.50000","0.05981","1,582.89600","0.0181","76.2593"
"3.60000","0.06169","1,609.67749","0.0185","77.5496"
"3.70000","0.06356","1,646.79382","0.0190","79.3377"
"3.80000","0.06512","1,664.69922","0.0193","80.2004"
"3.90000","0.06669","1,685.37268","0.0197","81.1964"
"4.00000","0.06862","1,715.11194","0.0199","82.6291"
"4.10000","0.07050","1,746.45862","0.0208","84.1393"
"4.20000","0.07156","1,754.29822","0.0210","84.5170"
"4.30000","0.07325","1,773.94714","0.0211","85.4636"
"4.40000","0.07537","1,814.07690","0.0219","87.3970"
"4.50000","0.07687","1,831.11243","0.0223","88.2177"
"4.60000","0.07825","1,848.15930","0.0226","89.0390"
"4.70000","0.08019","1,875.74792","0.0228","90.3681"
"4.80000","0.08225","1,909.36499","0.0234","91.9877"
"4.90000","0.08325","1,916.52722","0.0238","92.3327"
"5.00000","0.08481","1,931.83032","0.0241","93.0700"
"5.10000","0.08700","1,971.78699","0.0249","94.9950"
"5.20000","0.08850","1,986.62817","0.0250","95.7100"
"5.30000","0.08994","2,005.37354","0.0257","96.6131"
"5.40000","0.09194","2,031.71313","0.0260","97.8820"
"5.50000","0.09394","2,063.88672","0.0264","99.4321"
"5.60000","0.09500","2,071.77856","0.0267","99.8123"
"5.70000","0.09644","2,084.32690","0.0271","100.4168"
"5.80000","0.09869","2,123.04053","0.0276","102.2819"
"5.90000","0.10025","2,140.12622","0.0283","103.1051"
"6.00000","0.10169","2,157.13452","0.0284","103.9245"
"6.10000","0.10350","2,178.79199","0.0290","104.9679"
"6.20000","0.10562","2,209.04858","0.0294","106.4256"
"6.30000","0.10681","2,221.83130","0.0294","107.0414"
"6.40000","0.10806","2,229.90576","0.0301","107.4304"
"6.50000","0.11037","2,265.98975","0.0304","109.1688"
"6.60000","0.11194","2,285.51489","0.0308","110.1095"
"6.70000","0.11337","2,299.76807","0.0312","110.7962"
"6.80000","0.11512","2,320.32568","0.0316","111.7866"
"6.90000","0.11719","2,349.52246","0.0324","113.1932"
"7.00000","0.11856","2,366.48779","0.0321","114.0105"
"7.10000","0.11969","2,370.79810","0.0325","114.2182"
"7.20000","0.12194","2,402.20801","0.0330","115.7314"
"7.30000","0.12356","2,424.38232","0.0336","116.7997"
"7.40000","0.12506","2,439.96094","0.0339","117.5502"
"7.50000","0.12675","2,457.41089","0.0342","118.3909"
"7.60000","0.12875","2,484.01245","0.0344","119.6725"
"7.70000","0.13031","2,505.40625","0.0349","120.7032"
"7.80000","0.13137","2,508.29883","0.0353","120.8426"
"7.90000","0.13344","2,534.60742","0.0355","122.1100"
"8.00000","0.13525","2,561.86475","0.0361","123.4232"
"8.10000","0.13675","2,576.88794","0.0364","124.1470"
"8.20000","0.13837","2,592.11890","0.0369","124.8808"
"8.30000","0.14031","2,618.10327","0.0371","126.1326"
"8.40000","0.14212","2,641.76636","0.0376","127.2726"
"8.50000","0.14312","2,644.17651","0.0375","127.3888"
"8.60000","0.14500","2,665.05884","0.0380","128.3948"
"8.70000","0.14694","2,696.30078","0.0387","129.8999"
"8.80000","0.14844","2,708.29297","0.0389","130.4777"
"8.90000","0.15006","2,722.99927","0.0391","131.1862"
"9.00000","0.15200","2,748.45703","0.0396","132.4127"
"9.10000","0.15387","2,772.57886","0.0401","133.5748"
"9.20000","0.15487","2,774.67822","0.0404","133.6759"
"9.30000","0.15656","2,791.32129","0.0406","134.4778"
"9.40000","0.15862","2,826.13721","0.0414","136.1551"
"9.50000","0.16012","2,836.62500","0.0415","136.6604"
"9.60000","0.16162","2,851.18335","0.0421","137.3617"
"9.70000","0.16362","2,875.26978","0.0425","138.5222"
"9.80000","0.16562","2,900.67188","0.0430","139.7460"
"9.90000","0.16662","2,904.23877","0.0428","139.9178"
"10.00000","0.16812","2,916.14380","0.0430","140.4913"
"10.10000","0.17031","2,952.70215","0.0438","142.2526"
"10.20000","0.17181","2,964.12744","0.0440","142.8031"
"10.30000","0.17337","2,978.22168","0.0446","143.4821"
"10.40000","0.17525","3,000.51050","0.0447","144.5559"
"10.50000","0.17719","3,023.79395","0.0453","145.6776"
"10.60000","0.17837","3,032.98511","0.0454","146.1204"
"10.70000","0.17975","3,040.34619","0.0453","146.4751"
"10.80000","0.18200","3,075.24194","0.0462","148.1562"
"10.90000","0.18350","3,087.77515","0.0465","148.7601"
"11.00000","0.18500","3,101.52563","0.0469","149.4225"
"11.10000","0.18687","3,122.23511","0.0473","150.4202"
"11.20000","0.18894","3,147.69482","0.0476","151.6468"
"11.30000","0.19019","3,158.65527","0.0479","152.1749"
"11.40000","0.19137","3,162.99341","0.0481","152.3839"
"11.50000","0.19369","3,194.77905","0.0487","153.9152"
"11.60000","0.19519","3,211.35449","0.0491","154.7137"
"11.70000","0.19669","3,223.30884","0.0492","155.2897"
"11.80000","0.19844","3,241.06592","0.0494","156.1452"
"11.90000","0.20056","3,266.36328","0.0500","157.3639"
"12.00000","0.20194","3,281.10303","0.0506","158.0740"
"12.10000","0.20300","3,282.68262","0.0505","158.1501"
"12.20000","0.20525","3,310.76074","0.0510","159.5029"
"12.30000","0.20687","3,332.78149","0.0513","160.5637"
"12.40000","0.20844","3,344.66064","0.0517","161.1360"
"12.50000","0.21006","3,360.06616","0.0521","161.8782"
"12.60000","0.21206","3,383.32983","0.0524","162.9990"
"12.70000","0.21369","3,402.04761","0.0529","163.9008"
"12.80000","0.21475","3,402.84863","0.0528","163.9394"
"12.90000","0.21681","3,427.38135","0.0535","165.1213"
"13.00000","0.21856","3,451.45654","0.0537","166.2812"
"13.10000","0.22006","3,461.53442","0.0539","166.7667"
"13.20000","0.22169","3,476.18237","0.0546","167.4724"
"13.30000","0.22356","3,498.48096","0.0547","168.5467"
"13.40000","0.22550","3,522.99243","0.0554","169.7276"
"13.50000","0.22650","3,521.04688","0.0555","169.6338"
"13.60000","0.22831","3,539.37793","0.0557","170.5170"
"13.70000","0.23025","3,569.07764","0.0566","171.9478"
"13.80000","0.23175","3,577.81543","0.0567","172.3688"
"13.90000","0.23337","3,591.52954","0.0569","173.0295"
"14.00000","0.23531","3,614.15601","0.0573","174.1196"
"14.10000","0.23725","3,637.22827","0.0579","175.2311"
"14.20000","0.23819","3,635.45679","0.0578","175.1458"
"14.30000","0.23981","3,648.27222","0.0582","175.7632"
"14.40000","0.24200","3,683.05396","0.0588","177.4389"
"14.50000","0.24356","3,691.62378","0.0590","177.8517"
"14.60000","0.24506","3,704.32202","0.0594","178.4635"
"14.70000","0.24681","3,722.96460","0.0597","179.3616"
"14.80000","0.24894","3,747.55737","0.0599","180.5464"
"14.90000","0.25000","3,751.01221","0.0600","180.7129"
"15.00000","0.25150","3,759.75366","0.0603","181.1340"
"15.10000","0.25375","3,794.10132","0.0608","182.7888"
"15.20000","0.25519","3,802.09570","0.0612","183.1739"
"15.30000","0.25669","3,814.34497","0.0613","183.7641"
"15.40000","0.25850","3,833.34082","0.0616","184.6792"
"15.50000","0.26062","3,857.89673","0.0622","185.8623"
"15.60000","0.26175","3,863.83228","0.0624","186.1482"
"15.70000","0.26312","3,869.43604","0.0628","186.4182"
"15.80000","0.26531","3,902.64648","0.0629","188.0182"
"15.90000","0.26681","3,912.28979","0.0634","188.4828"
"16.00000","0.26837","3,926.04907","0.0635","189.1457"
"16.10000","0.27019","3,944.03857","0.0642","190.0123"
"16.20000","0.27231","3,967.69189","0.0648","191.1519"
"16.30000","0.27344","3,975.39111","0.0646","191.5228"
"16.40000","0.27469","3,979.10669","0.0649","191.7018"
"16.50000","0.27700","4,010.04541","0.0656","193.1924"
"16.60000","0.27850","4,023.64648","0.0658","193.8476"
"16.70000","0.28012","4,037.78735","0.0662","194.5289"
"16.80000","0.28181","4,051.20483","0.0666","195.1753"
"16.90000","0.28369","4,069.56152","0.0666","196.0597"
"17.00000","0.28531","4,089.26636","0.0672","197.0090"
"17.10000","0.28644","4,087.87061","0.0670","196.9417"
"17.20000","0.28869","4,116.00830","0.0675","198.2973"
"17.30000","0.29025","4,130.66455","0.0681","199.0034"
"17.40000","0.29175","4,141.73682","0.0680","199.5369"
"17.50000","0.29337","4,154.72119","0.0681","200.1624"
"17.60000","0.29537","4,176.96533","0.0686","201.2341"
"17.70000","0.29706","4,196.52148","0.0691","202.1762"
"17.80000","0.29812","4,194.14746","0.0691","202.0619"
"17.90000","0.30019","4,216.56250","0.0699","203.1418"
"18.00000","0.30187","4,237.82715","0.0701","204.1662"
"18.10000","0.30344","4,248.02637","0.0703","204.6576"
"18.20000","0.30500","4,261.14258","0.0705","205.2895"
"18.30000","0.30706","4,282.16113","0.0710","206.3021"
"18.40000","0.30875","4,299.85156","0.0713","207.1544"
"18.50000","0.30975","4,297.82422","0.0715","207.0567"
"18.60000","0.31169","4,316.14355","0.0719","207.9393"
"18.70000","0.31356","4,341.59766","0.0723","209.1656"
"18.80000","0.31512","4,350.22559","0.0729","209.5813"
"18.90000","0.31669","4,359.80615","0.0728","210.0428"
"19.00000","0.31856","4,378.69336","0.0731","210.9527"
"19.10000","0.32056","4,397.80322","0.0734","211.8734"
"19.20000","0.32156","4,393.64746","0.0736","211.6732"
"19.30000","0.32325","4,404.92236","0.0739","212.2164"
"19.40000","0.32531","4,432.14453","0.0744","213.5279"
"19.50000","0.32687","4,437.97803","0.0742","213.8089"
"19.60000","0.32831","4,445.96973","0.0746","214.1939"
"19.70000","0.33025","4,464.28516","0.0751","215.0763"
"19.80000","0.33231","4,485.76807","0.0752","216.1113"
"19.90000","0.33331","4,482.47461","0.0755","215.9526"
"20.00000","0.33487","4,490.38623","0.0756","216.3338"
"20.10000","0.33694","4,518.93018","0.0761","217.7089"
"20.20000","0.33850","4,524.98096","0.0760","218.0005"
"20.30000","0.34000","4,534.48877","0.0763","218.4585"
"20.40000","0.34200","4,551.05908","0.0770","219.2568"
"20.50000","0.34400","4,571.89111","0.0770","220.2605"
"20.60000","0.34500","4,570.09277","0.0775","220.1738"
"20.70000","0.34644","4,574.57422","0.0774","220.3897"
"20.80000","0.34869","4,605.33838","0.0777","221.8718"
"20.90000","0.35025","4,613.38135","0.0779","222.2593"
"21.00000","0.35175","4,621.54785","0.0782","222.6528"
"21.10000","0.35350","4,634.75049","0.0784","223.2888"
"21.20000","0.35556","4,655.72607","0.0786","224.2994"
"21.30000","0.35681","4,660.59473","0.0791","224.5339"
"21.40000","0.35806","4,661.83057","0.0794","224.5935"
"21.50000","0.36037","4,690.80127","0.0797","225.9892"
"21.60000","0.36194","4,702.77686","0.0799","226.5661"
"21.70000","0.36337","4,709.42383","0.0802","226.8864"
"21.80000","0.36512","4,721.88184","0.0803","227.4866"
"21.90000","0.36725","4,744.44727","0.0808","228.5737"
"22.00000","0.36856","4,750.06592","0.0810","228.8444"
"22.10000","0.36975","4,749.79150","0.0810","228.8312"
"22.20000","0.37194","4,774.43506","0.0812","230.0184"
"22.30000","0.37356","4,788.03955","0.0818","230.6739"
"22.40000","0.37506","4,796.39893","0.0819","231.0766"
"22.50000","0.37681","4,807.40039","0.0823","231.6066"
"22.60000","0.37881","4,826.89160","0.0825","232.5456"
"22.70000","0.38031","4,839.07520","0.0825","233.1326"
"22.80000","0.38144","4,836.00195","0.0828","232.9845"
"22.90000","0.38350","4,856.37500","0.0832","233.9661"
"23.00000","0.38525","4,876.16260","0.0834","234.9194"
"23.10000","0.38681","4,883.69775","0.0837","235.2824"
"23.20000","0.38837","4,892.98340","0.0840","235.7298"
"23.30000","0.39031","4,911.30908","0.0843","236.6126"
"23.40000","0.39206","4,926.84375","0.0847","237.3610"
"23.50000","0.39312","4,924.46777","0.0846","237.2466"
"23.60000","0.39500","4,940.54346","0.0850","238.0211"
"23.70000","0.39694","4,963.92676","0.0850","239.1476"
"23.80000","0.39844","4,970.54395","0.0855","239.4664"
"23.90000","0.40000","4,979.25146","0.0856","239.8859"
"24.00000","0.40194","4,998.84961","0.0860","240.8301"
"24.10000","0.40381","5,016.94482","0.0864","241.7018"
"24.20000","0.40487","5,013.49170","0.0865","241.5355"
"24.30000","0.40656","5,024.98486","0.0868","242.0892"
"24.40000","0.40862","5,053.49463","0.0874","243.4627"
"24.50000","0.41012","5,058.71973","0.0876","243.7144"
"24.60000","0.41169","5,066.71973","0.0876","244.0999"
"24.70000","0.41362","5,085.84473","0.0880","245.0212"
"24.80000","0.41562","5,103.97168","0.0884","245.8945"
"24.90000","0.41662","5,101.82617","0.0884","245.7912"
"25.00000","0.41812","5,108.60645","0.0884","246.1178"
"25.10000","0.42037","5,138.91699","0.0891","247.5781"
"25.20000","0.42181","5,144.70166","0.0894","247.8568"
"25.30000","0.42337","5,153.60303","0.0889","248.2856"
"25.40000","0.42525","5,170.89258","0.0897","249.1186"
"25.50000","0.42719","5,187.93408","0.0898","249.9396"
"25.60000","0.42837","5,191.00781","0.0904","250.0877"
"25.70000","0.42975","5,195.11279","0.0902","250.2855"
"25.80000","0.43200","5,225.64404","0.0910","251.7564"
"25.90000","0.43350","5,231.59180","0.0910","252.0429"
"26.00000","0.43500","5,241.14746","0.0912","252.5033"
"26.10000","0.43687","5,255.92529","0.0914","253.2152"
"26.20000","0.43894","5,274.64990","0.0918","254.1173"
"26.30000","0.44019","5,279.35596","0.0921","254.3441"
"26.40000","0.44137","5,279.43359","0.0922","254.3478"
"26.50000","0.44362","5,306.15967","0.0926","255.6354"
"26.60000","0.44519","5,317.50977","0.0927","256.1822"
"26.70000","0.44669","5,325.30957","0.0930","256.5580"
"26.80000","0.44850","5,337.65479","0.0929","257.1527"
"26.90000","0.45056","5,356.51416","0.0934","258.0613"
"27.00000","0.45194","5,365.50732","0.0937","258.4946"
"27.10000","0.45300","5,361.74756","0.0939","258.3134"
"27.20000","0.45525","5,384.50195","0.0941","259.4097"
"27.30000","0.45694","5,403.20850","0.0945","260.3109"
"27.40000","0.45844","5,408.80713","0.0949","260.5806"
"27.50000","0.46012","5,418.70801","0.0948","261.0576"
"27.60000","0.46206","5,434.98096","0.0952","261.8416"
"27.70000","0.46369","5,449.05273","0.0957","262.5196"
"27.80000","0.46475","5,443.50391","0.0955","262.2522"
"27.90000","0.46687","5,462.90234","0.0961","263.1868"
"28.00000","0.46862","5,481.07275","0.0962","264.0622"
"28.10000","0.47006","5,485.34473","0.0965","264.2680"
"28.20000","0.47169","5,495.34326","0.0967","264.7497"
"28.30000","0.47356","5,512.11719","0.0970","265.5578"
"28.40000","0.47550","5,529.62549","0.0972","266.4013"
"28.50000","0.47650","5,522.49121","0.0974","266.0576"
"28.60000","0.47837","5,535.45166","0.0973","266.6820"
"28.70000","0.48025","5,558.10498","0.0979","267.7734"
"28.80000","0.48175","5,562.61523","0.0982","267.9907"
"28.90000","0.48337","5,571.41162","0.0983","268.4145"
"29.00000","0.48531","5,588.76270","0.0985","269.2504"
"29.10000","0.48725","5,605.64551","0.0992","270.0638"
"29.20000","0.48819","5,599.96631","0.0988","269.7901"
"29.30000","0.48981","5,608.37646","0.0990","270.1953"
"29.40000","0.49194","5,636.79004","0.0995","271.5642"
"29.50000","0.49356","5,640.66895","0.0995","271.7511"
"29.60000","0.49506","5,648.77734","0.0995","272.1417"
"29.70000","0.49675","5,661.10791","0.1001","272.7357"
"29.80000","0.49894","5,681.98389","0.1007","273.7415"
"29.90000","0.50000","5,680.61084","0.1003","273.6754"
"30.00000","0.50150","5,684.65283","0.1005","273.8701"
"30.10000","0.50375","5,713.18018","0.1011","275.2444"
"30.20000","0.50519","5,716.03369","0.1011","275.3819"
"30.30000","0.50669","5,724.21680","0.1012","275.7762"
"30.40000","0.50850","5,738.03369","0.1019","276.4418"
"30.50000","0.51062","5,757.17676","0.1022","277.3641"
"30.60000","0.51175","5,759.72363","0.1021","277.4868"
"30.70000","0.51319","5,761.12939","0.1020","277.5545"
"30.80000","0.51537","5,788.51221","0.1030","278.8737"
"30.90000","0.51681","5,793.13867","0.1029","279.0966"
"31.00000","0.51837","5,801.74072","0.1030","279.5110"
"31.10000","0.52019","5,813.71094","0.1034","280.0877"
"31.20000","0.52231","5,833.09668","0.1036","281.0217"
"31.30000","0.52344","5,835.45703","0.1036","281.1354"
"31.40000","0.52469","5,835.31445","0.1036","281.1285"
"31.50000","0.52700","5,861.46875","0.1042","282.3885"
"31.60000","0.52856","5,871.41943","0.1044","282.8680"
"31.70000","0.53012","5,879.20215","0.1046","283.2429"
"31.80000","0.53181","5,888.61279","0.1048","283.6963"
"31.90000","0.53375","5,903.71143","0.1050","284.4237"
"32.00000","0.53525","5,916.00781","0.1055","285.0161"
"32.10000","0.53637","5,911.44971","0.1058","284.7965"
"32.20000","0.53869","5,934.52783","0.1055","285.9083"
"32.30000","0.54025","5,945.06738","0.1060","286.4161"
"32.40000","0.54175","5,951.85889","0.1061","286.7433"
"32.50000","0.54337","5,960.87891","0.1063","287.1779"
"32.60000","0.54531","5,977.49951","0.1067","287.9786"
"32.70000","0.54706","5,993.14160","0.1069","288.7322"
"32.80000","0.54812","5,986.61719","0.1070","288.4178"
"32.90000","0.55019","6,004.83691","0.1071","289.2956"
"33.00000","0.55187","6,021.26367","0.1074","290.0870"
"33.10000","0.55344","6,029.01074","0.1078","290.4602"
"33.20000","0.55500","6,037.00928","0.1081","290.8456"
"33.30000","0.55706","6,055.68799","0.1083","291.7455"
"33.40000","0.55881","6,069.89502","0.1087","292.4299"
"33.50000","0.55981","6,063.39844","0.1084","292.1169"
"33.60000","0.56169","6,077.75977","0.1089","292.8088"
"33.70000","0.56362","6,100.23242","0.1095","293.8915"
"33.80000","0.56519","6,105.37109","0.1094","294.1391"
"33.90000","0.56669","6,113.17920","0.1096","294.5152"
"34.00000","0.56856","6,128.32373","0.1099","295.2448"
"34.10000","0.57056","6,146.93555","0.1103","296.1415"
"34.20000","0.57150","6,141.51562","0.1103","295.8804"
"34.30000","0.57325","6,152.12793","0.1104","296.3917"
"34.40000","0.57537","6,177.86230","0.1114","297.6315"
"34.50000","0.57681","6,181.93164","0.1111","297.8275"
"34.60000","0.57819","6,186.72656","0.1112","298.0585"
"34.70000","0.58025","6,205.50195","0.1114","298.9631"
"34.80000","0.58225","6,223.41162","0.1120","299.8259"
"34.90000","0.58331","6,221.10693","0.1120","299.7149"
"35.00000","0.58487","6,225.84180","0.1121","299.9430"
"35.10000","0.58700","6,253.17969","0.1125","301.2600"
"35.20000","0.58850","6,257.15332","0.1128","301.4515"
"35.30000","0.58994","6,264.86670","0.1127","301.8231"
"35.40000","0.59200","6,280.68213","0.1135","302.5851"
"35.50000","0.59400","6,300.00098","0.1135","303.5158"
"35.60000","0.59500","6,296.68018","0.1137","303.3558"
"35.70000","0.59644","6,300.06787","0.1137","303.5190"
"35.80000","0.59869","6,329.34473","0.1143","304.9295"
"35.90000","0.60025","6,336.27783","0.1144","305.2635"
"36.00000","0.60175","6,342.34033","0.1146","305.5555"
"36.10000","0.60350","6,354.75977","0.1148","306.1539"
"36.20000","0.60562","6,372.92139","0.1150","307.0289"
"36.30000","0.60681","6,376.67529","0.1151","307.2097"
"36.40000","0.60806","6,376.20996","0.1152","307.1873"
"36.50000","0.61037","6,401.15283","0.1155","308.3890"
"36.60000","0.61194","6,411.26953","0.1157","308.8764"
"36.70000","0.61337","6,415.90283","0.1160","309.0996"
"36.80000","0.61512","6,426.96045","0.1160","309.6323"
"36.90000","0.61725","6,446.23340","0.1166","310.5608"
"37.00000","0.61856","6,452.55762","0.1169","310.8655"
"37.10000","0.61969","6,449.41162","0.1170","310.7139"
"37.20000","0.62187","6,471.96533","0.1174","311.8005"
"37.30000","0.62356","6,484.87891","0.1174","312.4226"
"37.40000","0.62506","6,492.16699","0.1178","312.7738"
"37.50000","0.62675","6,502.48438","0.1181","313.2708"
"37.60000","0.62875","6,518.78174","0.1187","314.0560"
"37.70000","0.63031","6,530.14258","0.1188","314.6033"
"37.80000","0.63137","6,525.15723","0.1184","314.3632"
"37.90000","0.63350","6,543.30127","0.1187","315.2373"
"38.00000","0.63531","6,561.22559","0.1193","316.1008"
"38.10000","0.63675","6,566.81787","0.1194","316.3702"
"38.20000","0.63837","6,573.77002","0.1196","316.7052"
"38.30000","0.64031","6,590.49512","0.1200","317.5109"
"38.40000","0.64212","6,604.89355","0.1201","318.2046"
"38.50000","0.64312","6,599.52148","0.1204","317.9458"
"38.60000","0.64506","6,612.71533","0.1205","318.5815"
"38.70000","0.64700","6,635.84180","0.1207","319.6956"
"38.80000","0.64844","6,640.05225","0.1211","319.8985"
"38.90000","0.65006","6,648.49561","0.1210","320.3052"
"39.00000","0.65194","6,665.32666","0.1212","321.1161"
"39.10000","0.65387","6,682.35547","0.1218","321.9365"
"39.20000","0.65487","6,677.18213","0.1220","321.6873"
"39.30000","0.65656","6,687.25586","0.1222","322.1726"
"39.40000","0.65862","6,713.94629","0.1226","323.4585"
"39.50000","0.66012","6,719.60840","0.1227","323.7312"
"39.60000","0.66169","6,727.86230","0.1228","324.1289"
"39.70000","0.66362","6,744.39600","0.1232","324.9254"
"39.80000","0.66556","6,761.91650","0.1236","325.7695"
"39.90000","0.66656","6,758.95947","0.1239","325.6270"
"40.00000","0.66812","6,764.71289","0.1241","325.9042"
"40.10000","0.67031","6,793.40869","0.1243","327.2867"
"40.20000","0.67181","6,799.33057","0.1245","327.5720"
"40.30000","0.67337","6,806.66943","0.1246","327.9256"
"40.40000","0.67525","6,820.26953","0.1248","328.5808"
"40.50000","0.67719","6,837.51758","0.1253","329.4118"
"40.60000","0.67837","6,839.98633","0.1254","329.5307"
"40.70000","0.67975","6,841.47998","0.1254","329.6027"
"40.80000","0.68206","6,868.87793","0.1260","330.9226"
"40.90000","0.68350","6,873.03613","0.1265","331.1230"
"41.00000","0.68500","6,880.80127","0.1263","331.4970"
"41.10000","0.68694","6,896.58984","0.1267","332.2577"
"41.20000","0.68900","6,914.58643","0.1271","333.1247"
"41.30000","0.69019","6,918.37354","0.1271","333.3072"
"41.40000","0.69144","6,917.20557","0.1273","333.2509"
"41.50000","0.69369","6,941.54443","0.1277","334.4235"
"41.60000","0.69519","6,952.61230","0.1279","334.9567"
"41.70000","0.69669","6,958.77881","0.1281","335.2538"
"41.80000","0.69850","6,970.79395","0.1280","335.8326"
"41.90000","0.70056","6,987.43018","0.1288","336.6341"
"42.00000","0.70194","6,995.96045","0.1287","337.0451"
"42.10000","0.70300","6,991.75244","0.1289","336.8423"
"42.20000","0.70525","7,012.57861","0.1292","337.8457"
"42.30000","0.70694","7,029.79053","0.1295","338.6749"
"42.40000","0.70844","7,034.97168","0.1295","338.9245"
"42.50000","0.71006","7,043.30420","0.1298","339.3260"
"42.60000","0.71200","7,060.17090","0.1302","340.1385"
"42.70000","0.71369","7,074.56445","0.1307","340.8320"
"42.80000","0.71475","7,068.93066","0.1305","340.5606"
"42.90000","0.71681","7,086.56445","0.1308","341.4101"
"43.00000","0.71862","7,106.06152","0.1312","342.3494"
"43.10000","0.72006","7,109.60254","0.1314","342.5200"
"43.20000","0.72169","7,118.41650","0.1317","342.9446"
"43.30000","0.72356","7,134.22461","0.1318","343.7062"
"43.40000","0.72550","7,151.29590","0.1323","344.5287"
"43.50000","0.72650","7,144.91309","0.1321","344.2212"
"43.60000","0.72837","7,156.93066","0.1326","344.8001"
"43.70000","0.73025","7,179.93018","0.1328","345.9082"
"43.80000","0.73181","7,185.07471","0.1329","346.1561"
"43.90000","0.73337","7,193.52197","0.1333","346.5630"
"44.00000","0.73531","7,210.78516","0.1336","347.3947"
"44.10000","0.73725","7,227.92822","0.1340","348.2206"
"44.20000","0.73819","7,222.12354","0.1337","347.9409"
"44.30000","0.73987","7,231.36816","0.1337","348.3864"
"44.40000","0.74200","7,259.67236","0.1345","349.7499"
"44.50000","0.74350","7,264.18506","0.1347","349.9673"
"44.60000","0.74500","7,272.30225","0.1350","350.3584"
"44.70000","0.74681","7,285.73340","0.1351","351.0055"
"44.80000","0.74894","7,305.40771","0.1353","351.9533"
"44.90000","0.75000","7,304.92920","0.1354","351.9303"
"45.00000","0.75144","7,308.51904","0.1358","352.1032"
"45.10000","0.75375","7,336.18896","0.1363","353.4363"
"45.20000","0.75512","7,339.74854","0.1363","353.6078"
"45.30000","0.75669","7,347.63379","0.1364","353.9877"
"45.40000","0.75850","7,360.38818","0.1369","354.6021"
"45.50000","0.76056","7,379.31787","0.1372","355.5141"
"45.60000","0.76175","7,382.51221","0.1372","355.6680"
"45.70000","0.76312","7,383.04492","0.1373","355.6937"
"45.80000","0.76531","7,409.36768","0.1379","356.9619"
"45.90000","0.76681","7,416.20752","0.1380","357.2914"
"46.00000","0.76837","7,425.48389","0.1382","357.7383"
"46.10000","0.77019","7,437.36572","0.1382","358.3107"
"46.20000","0.77231","7,455.52197","0.1386","359.1854"
"46.30000","0.77344","7,458.91650","0.1389","359.3490"
"46.40000","0.77469","7,457.67676","0.1389","359.2892"
"46.50000","0.77700","7,483.79004","0.1397","360.5473"
"46.60000","0.77856","7,494.72168","0.1398","361.0739"
"46.70000","0.78012","7,503.62500","0.1398","361.5029"
"46.80000","0.78181","7,513.33154","0.1403","361.9705"
"46.90000","0.78381","7,529.78613","0.1407","362.7632"
"47.00000","0.78525","7,542.06787","0.1409","363.3549"
"47.10000","0.78637","7,538.51758","0.1410","363.1839"
"47.20000","0.78869","7,561.69482","0.1414","364.3005"
"47.30000","0.79025","7,574.64453","0.1412","364.9244"
"47.40000","0.79175","7,581.27490","0.1418","365.2438"
"47.50000","0.79344","7,592.26172","0.1420","365.7731"
"47.60000","0.79525","7,607.34912","0.1422","366.5000"
"47.70000","0.79712","7,626.49609","0.1427","367.4225"
"47.80000","0.79812","7,619.71240","0.1429","367.0956"
"47.90000","0.80012","7,637.24512","0.1431","367.9403"
"48.00000","0.80187","7,655.01025","0.1435","368.7962"
"48.10000","0.80344","7,664.14648","0.1437","369.2363"
"48.20000","0.80500","7,672.57129","0.1435","369.6422"
"48.30000","0.80706","7,691.31641","0.1441","370.5453"
"48.40000","0.80875","7,706.25342","0.1445","371.2649"
"48.50000","0.80975","7,701.42432","0.1444","371.0323"
"48.60000","0.81162","7,715.59570","0.1444","371.7150"
"48.70000","0.81356","7,738.39111","0.1451","372.8132"
"48.80000","0.81512","7,745.62891","0.1452","373.1619"
"48.90000","0.81675","7,753.56494","0.1455","373.5443"
"49.00000","0.81856","7,769.38623","0.1459","374.3065"
"49.10000","0.82050","7,788.08154","0.1465","375.2072"
"49.20000","0.82156","7,784.92529","0.1462","375.0551"
"49.30000","0.82325","7,794.19922","0.1465","375.5019"
"49.40000","0.82537","7,820.28711","0.1470","376.7588"
"49.50000","0.82687","7,826.14209","0.1472","377.0408"
"49.60000","0.82825","7,832.25098","0.1473","377.3351"
"49.70000","0.83025","7,849.19727","0.1475","378.1516"
"49.80000","0.83225","7,869.58838","0.1481","379.1339"
"49.90000","0.83331","7,867.12891","0.1480","379.0154"
"50.00000","0.83487","7,872.04150","0.1482","379.2521"
"50.10000","0.83700","7,900.02295","0.1487","380.6002"
"50.20000","0.83844","7,904.21045","0.1492","380.8019"
"50.30000","0.84000","7,913.78564","0.1492","381.2632"
"50.40000","0.84200","7,929.73926","0.1494","382.0318"
"50.50000","0.84394","7,949.14746","0.1499","382.9669"
"50.60000","0.84500","7,947.44580","0.1498","382.8849"
"50.70000","0.84637","7,949.78271","0.1500","382.9975"
"50.80000","0.84862","7,977.86328","0.1506","384.3503"
"50.90000","0.85019","7,987.31445","0.1507","384.8056"
"51.00000","0.85169","7,995.68799","0.1510","385.2090"
"51.10000","0.85350","8,007.93896","0.1512","385.7993"
"51.20000","0.85556","8,026.73779","0.1517","386.7049"
"51.30000","0.85681","8,031.88525","0.1517","386.9529"
"51.40000","0.85806","8,032.05225","0.1520","386.9610"
"51.50000","0.86037","8,057.25830","0.1523","388.1753"
"51.60000","0.86194","8,070.11279","0.1526","388.7946"
"51.70000","0.86337","8,076.50830","0.1525","389.1028"
"51.80000","0.86512","8,087.99707","0.1529","389.6562"
"51.90000","0.86725","8,108.26953","0.1535","390.6329"
"52.00000","0.86862","8,117.01562","0.1535","391.0543"
"52.10000","0.86975","8,113.27539","0.1539","390.8741"
"52.20000","0.87194","8,135.86133","0.1540","391.9622"
"52.30000","0.87356","8,151.71143","0.1543","392.7258"
"52.40000","0.87506","8,160.67627","0.1547","393.1577"
"52.50000","0.87681","8,170.47656","0.1547","393.6299"
"52.60000","0.87881","8,188.94873","0.1552","394.5198"
"52.70000","0.88025","8,200.95410","0.1557","395.0982"
"52.80000","0.88137","8,197.96680","0.1555","394.9543"
"52.90000","0.88350","8,216.94824","0.1559","395.8687"
"53.00000","0.88525","8,236.38867","0.1562","396.8053"
"53.10000","0.88681","8,243.90234","0.1565","397.1673"
"53.20000","0.88837","8,253.08594","0.1569","397.6097"
"53.30000","0.89025","8,269.81641","0.1572","398.4158"
"53.40000","0.89206","8,286.05469","0.1572","399.1981"
"53.50000","0.89312","8,283.17480","0.1576","399.0593"
"53.60000","0.89500","8,296.55762","0.1576","399.7041"
"53.70000","0.89694","8,321.10254","0.1580","400.8866"
"53.80000","0.89844","8,326.15820","0.1581","401.1302"
"53.90000","0.90000","8,334.22363","0.1585","401.5187"
"54.00000","0.90194","8,352.45801","0.1591","402.3972"
"54.10000","0.90381","8,369.59375","0.1588","403.2227"
"54.20000","0.90487","8,366.22461","0.1590","403.0604"
"54.30000","0.90656","8,375.40820","0.1593","403.5029"
"54.40000","0.90862","8,402.76465","0.1598","404.8208"
"54.50000","0.91012","8,408.66016","0.1601","405.1049"
"54.60000","0.91175","8,417.87500","0.1601","405.5488"
"54.70000","0.91362","8,434.56543","0.1609","406.3529"
"54.80000","0.91562","8,453.56250","0.1612","407.2681"
"54.90000","0.91662","8,452.06348","0.1613","407.1959"
"55.00000","0.91812","8,457.22266","0.1612","407.4445"
"55.10000","0.92037","8,486.17676","0.1621","408.8394"
"55.20000","0.92187","8,493.10449","0.1619","409.1731"
"55.30000","0.92337","8,500.15918","0.1618","409.5130"
"55.40000","0.92525","8,516.79395","0.1626","410.3144"
"55.50000","0.92719","8,533.21191","0.1629","411.1054"
"55.60000","0.92837","8,536.83008","0.1630","411.2797"
"55.70000","0.92975","8,538.30957","0.1631","411.3510"
"55.80000","0.93200","8,566.34375","0.1636","412.7016"
"55.90000","0.93344","8,574.18750","0.1636","413.0795"
"56.00000","0.93500","8,583.64746","0.1640","413.5352"
"56.10000","0.93694","8,599.17969","0.1644","414.2835"
"56.20000","0.93894","8,617.88965","0.1647","415.1849"
"56.30000","0.94012","8,624.75684","0.1651","415.5157"
"56.40000","0.94137","8,623.03516","0.1652","415.4328"
"56.50000","0.94356","8,647.66504","0.1654","416.6194"
"56.60000","0.94519","8,663.32910","0.1659","417.3741"
"56.70000","0.94669","8,670.85254","0.1658","417.7365"
"56.80000","0.94856","8,684.47168","0.1660","418.3926"
"56.90000","0.95056","8,702.87012","0.1666","419.2790"
"57.00000","0.95194","8,713.46484","0.1665","419.7895"
"57.10000","0.95300","8,710.12793","0.1670","419.6287"
"57.20000","0.95525","8,730.91699","0.1673","420.6302"
"57.30000","0.95694","8,750.78223","0.1676","421.5873"
"57.40000","0.95850","8,758.42578","0.1679","421.9555"
"57.50000","0.96012","8,768.19141","0.1679","422.4260"
"57.60000","0.96206","8,785.31348","0.1683","423.2509"
"57.70000","0.96369","8,802.23340","0.1686","424.0661"
"57.80000","0.96469","8,797.40527","0.1691","423.8335"
"57.90000","0.96681","8,815.57715","0.1692","424.7089"
"58.00000","0.96862","8,838.56055","0.1696","425.8162"
"58.10000","0.97012","8,843.06250","0.1700","426.0331"
"58.20000","0.97169","8,854.33887","0.1700","426.5764"
"58.30000","0.97356","8,870.60840","0.1702","427.3602"
"58.40000","0.97550","8,891.50488","0.1707","428.3669"
"58.50000","0.97650","8,886.41797","0.1706","428.1218"
"58.60000","0.97831","8,899.02344","0.1709","428.7291"
"58.70000","0.98025","8,923.32227","0.1715","429.8998"
"58.80000","0.98175","8,931.49902","0.1717","430.2937"
"58.90000","0.98337","8,940.21387","0.1717","430.7136"
"59.00000","0.98531","8,959.15137","0.1722","431.6259"
"59.10000","0.98719","8,978.29004","0.1727","432.5480"
"59.20000","0.98819","8,974.43848","0.1729","432.3624"
"59.30000","0.98981","8,982.57129","0.1731","432.7542"
"59.40000","0.99200","9,012.35254","0.1732","434.1890"
"59.50000","0.99350","9,019.35059","0.1735","434.5262"
"59.60000","0.99506","9,028.90820","0.1737","434.9866"
"59.70000","0.99687","9,043.02051","0.1741","435.6665"
"59.80000","0.99894","9,063.99219","0.1746","436.6768"
"59.90000","1.00000","9,065.20117","0.1750","436.7351"
"60.00000","1.00150","9,069.77441","0.1751","436.9554"
"60.10000","1.00375","9,099.44141","0.1756","438.3847"
"60.20000","1.00519","9,106.36230","0.1756","438.7181"
"60.30000","1.00669","9,115.17090","0.1756","439.1425"
"60.40000","1.00844","9,127.58008","0.1760","439.7403"
"60.50000","1.01062","9,150.04883","0.1763","440.8228"
"60.60000","1.01175","9,154.82227","0.1767","441.0528"
"60.70000","1.01312","9,156.84668","0.1767","441.1503"
"60.80000","1.01531","9,183.79492","0.1772","442.4486"
"60.90000","1.01681","9,193.16309","0.1775","442.8999"
"61.00000","1.01837","9,204.56836","0.1778","443.4494"
"61.10000","1.02025","9,218.23828","0.1778","444.1080"
"61.20000","1.02225","9,238.18750","0.1788","445.0691"
"61.30000","1.02344","9,244.44336","0.1788","445.3705"
"61.40000","1.02469","9,244.44531","0.1790","445.3705"
"61.50000","1.02694","9,269.97461","0.1791","446.6005"
"61.60000","1.02856","9,283.29102","0.1795","447.2420"
"61.70000","1.03006","9,294.23242","0.1800","447.7692"
"61.80000","1.03175","9,304.68262","0.1800","448.2726"
"61.90000","1.03375","9,323.04102","0.1804","449.1571"
"62.00000","1.03525","9,337.66699","0.1807","449.8617"
"62.10000","1.03637","9,334.25684","0.1809","449.6974"
"62.14600","1.03731","9,340.58301","0.1806","450.0022"
"80.68000","1.03850","9,151.01953","0.1851","440.8696"
"80.78200","1.03850","9,150.82324","0.1851","440.8601"
"80.88200","1.03906","9,154.10449","0.1873","441.0182"
"80.98200","1.04144","9,203.16016","0.1964","443.3816"
"81.08200","1.04387","9,271.96191","0.2058","446.6962"
"81.18200","1.04631","9,331.63574","0.2152","449.5711"
"81.28200","1.04750","9,364.85254","0.2197","451.1714"
"81.38200","1.04887","9,388.65137","0.2250","452.3180"
"81.48200","1.05100","9,433.33691","0.2332","454.4708"
"81.58200","1.05256","9,460.91602","0.2392","455.7995"
"81.68200","1.05406","9,483.72559","0.2450","456.8984"
"81.78200","1.05600","9,503.09668","0.2524","457.8316"
"81.88200","1.05806","9,520.79492","0.2604","458.6843"
"81.98200","1.05919","9,519.14746","0.2647","458.6049"
"82.08200","1.06044","9,513.30371","0.2695","458.3234"
"82.18200","1.06269","9,535.34570","0.2781","459.3853"
"82.28200","1.06431","9,545.56055","0.2844","459.8774"
"82.38200","1.06581","9,550.08594","0.2902","460.0954"
"82.48200","1.06750","9,559.55566","0.2967","460.5517"
"82.58200","1.06956","9,576.54688","0.3046","461.3702"
"82.68200","1.07094","9,588.49219","0.3099","461.9457"
"82.78200","1.07212","9,585.09180","0.3144","461.7819"
"82.88200","1.07431","9,605.32031","0.3229","462.7565"
"82.98200","1.07600","9,622.13965","0.3293","463.5668"
"83.08200","1.07744","9,628.64355","0.3349","463.8801"
"83.18200","1.07912","9,638.17188","0.3414","464.3392"
"83.28200","1.08119","9,658.38867","0.3493","465.3131"
"83.38200","1.08275","9,673.75781","0.3553","466.0536"
"83.48200","1.08381","9,668.64551","0.3594","465.8073"
"83.58200","1.08587","9,686.60938","0.3673","466.6727"
"83.68200","1.08762","9,707.10352","0.3741","467.6601"
"83.78200","1.08919","9,716.23242","0.3801","468.0999"
"83.88200","1.09075","9,724.61523","0.3861","468.5038"
"83.98200","1.09294","9,748.10547","0.3945","469.6354"
"84.08200","1.09444","9,759.42871","0.4003","470.1810"
"84.18200","1.09550","9,756.32227","0.4043","470.0313"
"84.28200","1.09744","9,771.51367","0.4118","470.7632"
"84.38200","1.09931","9,795.40137","0.4190","471.9140"
"84.48200","1.10087","9,803.22656","0.4250","472.2910"
"84.58200","1.10244","9,811.90625","0.4310","472.7092"
"84.68200","1.10437","9,829.38281","0.4385","473.5511"
"84.78200","1.10619","9,848.69531","0.4455","474.4816"
"84.88200","1.10725","9,846.34473","0.4495","474.3683"
"84.98200","1.10894","9,856.45312","0.4560","474.8553"
"85.08200","1.11106","9,884.09277","0.4642","476.1869"
"85.18200","1.11256","9,891.72266","0.4700","476.5545"
"85.28200","1.11406","9,899.50195","0.4757","476.9293"
"85.38200","1.11600","9,919.02246","0.4832","477.8697"
"85.48200","1.11794","9,938.88086","0.4906","478.8264"
"85.58200","1.11900","9,938.53418","0.4947","478.8098"
"85.68200","1.12050","9,943.42871","0.5005","479.0455"
"85.78200","1.12269","9,971.50391","0.5089","480.3981"
"85.88200","1.12425","9,982.67871","0.5149","480.9365"
"85.98200","1.12581","9,990.79395","0.5209","481.3275"
"86.08200","1.12769","10,006.96387","0.5281","482.1065"
"86.18200","1.12962","10,026.63965","0.5356","483.0544"
"86.28200","1.13075","10,028.00879","0.5399","483.1204"
"86.38200","1.13212","10,032.11621","0.5452","483.3183"
"86.48200","1.13450","10,061.43945","0.5543","484.7310"
"86.58200","1.13594","10,070.91016","0.5599","485.1872"
"86.68200","1.13750","10,080.43848","0.5659","485.6463"
"86.78200","1.13925","10,094.15918","0.5726","486.3073"
"86.88200","1.14125","10,113.91113","0.5803","487.2589"
"86.98200","1.14256","10,122.53125","0.5854","487.6742"
"87.08200","1.14381","10,122.31250","0.5902","487.6636"
"87.18200","1.14612","10,149.71777","0.5991","488.9839"
"87.28200","1.14762","10,161.22852","0.6048","489.5385"
"87.38200","1.14912","10,169.15039","0.6106","489.9202"
"87.48200","1.15100","10,184.04297","0.6178","490.6376"
"87.58200","1.15294","10,201.90625","0.6253","491.4982"
"87.68200","1.15431","10,213.39551","0.6306","492.0518"
"87.78200","1.15544","10,211.36230","0.6349","491.9538"
"87.88200","1.15762","10,232.46777","0.6433","492.9706"
"87.98200","1.15925","10,250.40430","0.6495","493.8347"
"88.08200","1.16075","10,259.36426","0.6553","494.2664"
"88.18200","1.16256","10,271.30469","0.6623","494.8417"
"88.28200","1.16450","10,289.71582","0.6697","495.7287"
"88.38200","1.16606","10,302.74805","0.6757","496.3565"
"88.48200","1.16712","10,299.94727","0.6798","496.2216"
"88.58200","1.16912","10,317.10840","0.6875","497.0483"
"88.68200","1.17100","10,340.84277","0.6947","498.1918"
"88.78200","1.17250","10,347.78809","0.7005","498.5264"
"88.88200","1.17419","10,359.85156","0.7070","499.1076"
"88.98200","1.17600","10,376.75586","0.7140","499.9220"
"89.08200","1.17781","10,394.85059","0.7209","500.7937"
"89.18200","1.17881","10,391.66406","0.7248","500.6402"
"89.28200","1.18081","10,406.11914","0.7325","501.3366"
"89.38200","1.18262","10,429.36816","0.7394","502.4567"
"89.48200","1.18412","10,436.10254","0.7452","502.7811"
"89.58200","1.18575","10,447.15430","0.7515","503.3136"
"89.68200","1.18781","10,468.19727","0.7594","504.3274"
"89.78200","1.18962","10,485.04004","0.7664","505.1388"
"89.88200","1.19062","10,481.70605","0.7702","504.9782"
"89.98200","1.19225","10,490.40820","0.7765","505.3974"
"90.08200","1.19437","10,518.66504","0.7846","506.7588"
"90.18200","1.19587","10,527.70996","0.7904","507.1945"
"90.28200","1.19744","10,537.01660","0.7964","507.6429"
"90.38200","1.19937","10,556.48145","0.8039","508.5807"
"90.48200","1.20131","10,574.47852","0.8113","509.4477"
"90.58200","1.20231","10,574.98926","0.8152","509.4723"
"90.68200","1.20375","10,579.39355","0.8207","509.6845"
"90.78200","1.20612","10,610.17480","0.8298","511.1674"
"90.88200","1.20756","10,619.46387","0.8354","511.6150"
"90.98200","1.20912","10,628.95215","0.8414","512.0721"
"91.08200","1.21094","10,643.64453","0.8483","512.7799"
"91.18200","1.21300","10,663.89258","0.8563","513.7554"
"91.28200","1.21412","10,669.41797","0.8606","514.0216"
"91.38200","1.21550","10,670.46191","0.8659","514.0719"
"91.48200","1.21787","10,702.05469","0.8750","515.5939"
"91.58200","1.21925","10,709.65332","0.8803","515.9600"
"91.68200","1.22075","10,718.98633","0.8861","516.4097"
"91.78200","1.22256","10,732.68457","0.8931","517.0696"
"91.88200","1.22469","10,753.42676","0.9012","518.0689"
"91.98200","1.22594","10,763.35645","0.9060","518.5473"
"92.08200","1.22712","10,762.43359","0.9106","518.5028"
"92.18200","1.22944","10,786.73340","0.9195","519.6735"
"92.28200","1.23094","10,801.48730","0.9253","520.3843"
"92.38200","1.23244","10,810.87988","0.9310","520.8369"
"92.48200","1.23425","10,825.27441","0.9380","521.5303"
"92.58200","1.23631","10,844.87891","0.9459","522.4748"
"92.68200","1.23762","10,855.38965","0.9510","522.9812"
"92.78200","1.23875","10,853.86426","0.9553","522.9077"
"92.88200","1.24100","10,876.63281","0.9640","524.0046"
"92.98200","1.24262","10,894.50098","0.9702","524.8655"
"93.08200","1.24419","10,905.43066","0.9762","525.3920"
"93.18200","1.24581","10,915.55469","0.9825","525.8798"
"93.28200","1.24769","10,933.03223","0.9897","526.7218"
"93.38200","1.24944","10,953.24707","0.9964","527.6957"
"93.48200","1.25044","10,949.90625","1.0003","527.5347"
"93.58200","1.25256","10,967.53809","1.0084","528.3842"
"93.68200","1.25431","10,989.72266","1.0152","529.4529"
"93.78200","1.25581","10,997.45312","1.0209","529.8254"
"93.88200","1.25744","11,008.45508","1.0272","530.3554"
"93.98200","1.25931","11,026.26660","1.0344","531.2136"
"94.08200","1.26119","11,048.37988","1.0416","532.2789"
"94.18200","1.26225","11,044.08691","1.0457","532.0721"
"94.28200","1.26400","11,056.61523","1.0524","532.6757"
"94.38200","1.26594","11,082.00879","1.0599","533.8990"
"94.48200","1.26756","11,091.50488","1.0661","534.3565"
"94.58200","1.26912","11,102.64258","1.0721","534.8931"
"94.68200","1.27112","11,121.50879","1.0798","535.8020"
"94.78200","1.27294","11,139.63770","1.0868","536.6754"
"94.88200","1.27394","11,137.10449","1.0906","536.5534"
"94.98200","1.27562","11,147.22461","1.0971","537.0410"
"95.08200","1.27769","11,176.08984","1.1051","538.4316"
"95.18200","1.27931","11,185.29590","1.1113","538.8751"
"95.28200","1.28081","11,195.10352","1.1171","539.3476"
"95.38200","1.28256","11,210.64941","1.1238","540.0966"
"95.48200","1.28462","11,231.43555","1.1318","541.0980"
"95.58200","1.28569","11,233.76172","1.1358","541.2100"
"95.68200","1.28725","11,239.33008","1.1418","541.4783"
"95.78200","1.28950","11,270.52637","1.1505","542.9813"
"95.88200","1.29087","11,275.03711","1.1558","543.1985"
"95.98200","1.29237","11,285.42383","1.1616","543.6990"
"96.08200","1.29419","11,301.37500","1.1685","544.4675"
"96.18200","1.29631","11,322.65137","1.1767","545.4925"
"96.28200","1.29744","11,328.34473","1.1810","545.7668"
"96.38200","1.29887","11,330.68164","1.1866","545.8794"
"96.48200","1.30106","11,357.93359","1.1950","547.1923"
"96.58200","1.30250","11,368.25000","1.2005","547.6893"
"96.68200","1.30412","11,379.27051","1.2068","548.2202"
"96.78200","1.30600","11,395.76855","1.2140","549.0151"
"96.88200","1.30794","11,413.94824","1.2214","549.8909"
"96.98200","1.30919","11,421.36523","1.2262","550.2482"
"97.08200","1.31044","11,421.82129","1.2310","550.2702"
"97.18200","1.31275","11,448.59375","1.2399","551.5601"
"97.28200","1.31431","11,462.57617","1.2459","552.2336"
"97.38200","1.31581","11,471.88281","1.2517","552.6820"
"97.48200","1.31750","11,483.42969","1.2582","553.2383"
"97.58200","1.31956","11,504.14551","1.2661","554.2363"
"97.68200","1.32100","11,518.25879","1.2717","554.9163"
"97.78200","1.32212","11,516.18555","1.2760","554.8164"
"97.88200","1.32437","11,538.65234","1.2846","555.8988"
"97.98200","1.32600","11,556.41699","1.2909","556.7546"
"98.08200","1.32744","11,565.62891","1.2964","557.1984"
"98.18200","1.32912","11,575.77344","1.3029","557.6872"
"98.28200","1.33119","11,596.65918","1.3108","558.6934"
"98.38200","1.33275","11,614.38672","1.3168","559.5475"
"98.48200","1.33381","11,610.58105","1.3209","559.3641"
"98.58200","1.33581","11,628.31543","1.3286","560.2185"
"98.68200","1.33756","11,650.33594","1.3354","561.2794"
"98.78200","1.33912","11,660.41406","1.3414","561.7649"
"98.88200","1.34075","11,670.45801","1.3476","562.2488"
"98.98200","1.34294","11,695.11914","1.3560","563.4369"
"99.08200","1.34444","11,707.58203","1.3618","564.0374"
"99.18200","1.34550","11,705.30273","1.3659","563.9276"
"99.28200","1.34744","11,720.02734","1.3733","564.6369"
"99.38200","1.34937","11,746.30273","1.3808","565.9028"
"99.48200","1.35094","11,754.76562","1.3868","566.3105"
"99.58200","1.35250","11,765.49902","1.3928","566.8276"
"99.68200","1.35431","11,781.90137","1.3998","567.6178"
"99.78200","1.35625","11,803.16602","1.4072","568.6423"
"99.88200","1.35725","11,801.43750","1.4111","568.5590"
"99.98200","1.35900","11,812.34082","1.4178","569.0843"
"100.08200","1.36112","11,841.31348","1.4260","570.4801"
"100.18200","1.36256","11,848.29297","1.4315","570.8164"
"100.28200","1.36406","11,856.56250","1.4373","571.2148"
"100.38200","1.36606","11,877.22070","1.4450","572.2100"
"100.48200","1.36800","11,897.13770","1.4524","573.1696"
"100.58200","1.36900","11,897.05176","1.4563","573.1655"
"100.68200","1.37050","11,902.81836","1.4620","573.4432"
"100.78200","1.37269","11,931.42578","1.4705","574.8215"
"100.88200","1.37425","11,942.04199","1.4765","575.3329"
"100.98200","1.37581","11,952.36719","1.4825","575.8304"
"101.08200","1.37762","11,969.03320","1.4894","576.6333"
"101.18200","1.37962","11,989.28613","1.4971","577.6090"
"101.28200","1.38069","11,992.26562","1.5012","577.7526"
"101.38200","1.38212","11,996.29492","1.5068","577.9467"
"101.48200","1.38444","12,025.45703","1.5156","579.3516"
"101.58200","1.38594","12,037.41895","1.5214","579.9279"
"101.68200","1.38744","12,046.30957","1.5272","580.3563"
"101.78200","1.38925","12,060.52930","1.5342","581.0413"
"101.88200","1.39131","12,081.68652","1.5421","582.0606"
"101.98200","1.39250","12,089.61230","1.5467","582.4424"
"102.08200","1.39375","12,091.06543","1.5515","582.5125"
"102.18200","1.39619","12,119.09082","1.5608","583.8626"
"102.28200","1.39756","12,129.70801","1.5661","584.3741"
"102.38200","1.39906","12,139.45312","1.5719","584.8436"
"102.48200","1.40100","12,155.13184","1.5793","585.5990"
"102.58200","1.40294","12,175.01367","1.5868","586.5568"
"102.68200","1.40431","12,186.89844","1.5921","587.1294"
"102.78200","1.40544","12,185.12598","1.5964","587.0440"
"102.88200","1.40762","12,206.76855","1.6048","588.0867"
"102.98200","1.40931","12,226.35840","1.6113","589.0305"
"103.08200","1.41081","12,235.75488","1.6171","589.4832"
"103.18200","1.41256","12,249.20703","1.6238","590.1313"
"103.28200","1.41450","12,267.90137","1.6313","591.0319"
"103.38200","1.41600","12,283.04395","1.6370","591.7614"
"103.48200","1.41712","12,280.95410","1.6414","591.6608"
"103.58200","1.41919","12,298.65332","1.6493","592.5134"
"103.68200","1.42100","12,322.91016","1.6563","593.6821"
"103.78200","1.42250","12,330.96387","1.6620","594.0701"
"103.88200","1.42412","12,343.30957","1.6683","594.6649"
"103.98200","1.42600","12,361.51562","1.6755","595.5419"
"104.08200","1.42781","12,381.00977","1.6825","596.4811"
"104.18200","1.42881","12,378.97754","1.6863","596.3832"
"104.28200","1.43075","12,393.34961","1.6938","597.0756"
"104.38200","1.43256","12,418.44824","1.7007","598.2848"
"104.48200","1.43406","12,425.06055","1.7065","598.6034"
"104.58200","1.43575","12,436.84570","1.7130","599.1711"
"104.68200","1.43781","12,459.39258","1.7209","600.2574"
"104.78200","1.43962","12,477.55957","1.7279","601.1326"
"104.88200","1.44062","12,474.70703","1.7318","600.9952"
"104.98200","1.44225","12,483.25000","1.7380","601.4067"
"105.08200","1.44437","12,512.39453","1.7462","602.8109"
"105.18200","1.44587","12,521.77637","1.7519","603.2629"
"105.28200","1.44744","12,532.10645","1.7580","603.7606"
"105.38200","1.44937","12,551.74414","1.7654","604.7066"
"105.48200","1.45131","12,571.27539","1.7729","605.6476"
"105.58200","1.45231","12,572.44824","1.7767","605.7041"
"105.68200","1.45381","12,577.40137","1.7825","605.9427"
"105.78200","1.45612","12,610.21777","1.7914","607.5237"
"105.88200","1.45762","12,619.95898","1.7971","607.9930"
"105.98200","1.45912","12,629.72461","1.8029","608.4635"
"106.08200","1.46094","12,644.47559","1.8099","609.1741"
"106.18200","1.46300","12,665.35059","1.8178","610.1799"
"106.28200","1.46412","12,671.51855","1.8221","610.4770"
"106.38200","1.46550","12,672.91504","1.8274","610.5443"
"106.48200","1.46781","12,704.19336","1.8363","612.0512"
"106.58200","1.46919","12,712.44629","1.8416","612.4488"
"106.68200","1.47075","12,723.14648","1.8476","612.9643"
"106.78200","1.47256","12,738.45117","1.8546","613.7016"
"106.88200","1.47456","12,758.26074","1.8623","614.6560"
"106.98200","1.47587","12,770.86133","1.8673","615.2631"
"107.08200","1.47706","12,769.22070","1.8719","615.1840"
"107.18200","1.47937","12,793.22070","1.8808","616.3403"
"107.28200","1.48094","12,809.89844","1.8868","617.1437"
"107.38200","1.48244","12,819.45898","1.8926","617.6044"
"107.48200","1.48431","12,835.31152","1.8998","618.3680"
"107.58200","1.48631","12,854.43457","1.9075","619.2894"
"107.68200","1.48762","12,865.66113","1.9125","619.8302"
"107.78200","1.48875","12,864.03809","1.9168","619.7520"
"107.88200","1.49100","12,884.97168","1.9255","620.7606"
"107.98200","1.49269","12,905.85742","1.9320","621.7668"
"108.08200","1.49425","12,915.75293","1.9380","622.2435"
"108.18200","1.49581","12,926.85547","1.9440","622.7784"
"108.28200","1.49769","12,943.98633","1.9512","623.6037"
"108.38200","1.49944","12,964.94141","1.9580","624.6133"
"108.48200","1.50050","12,962.17285","1.9620","624.4799"
"108.58200","1.50262","12,981.04199","1.9702","625.3889"
"108.68200","1.50431","13,003.02637","1.9767","626.4481"
"108.78200","1.50581","13,010.98438","1.9825","626.8315"
"108.88200","1.50744","13,022.66602","1.9887","627.3943"
"108.98200","1.50931","13,041.47070","1.9959","628.3002"
"109.08200","1.51119","13,064.30859","2.0031","629.4005"
"109.18200","1.51219","13,060.64453","2.0070","629.2239"
"109.28200","1.51406","13,074.26562","2.0142","629.8802"
"109.38200","1.51587","13,099.43945","2.0212","631.0930"
"109.48200","1.51756","13,110.54785","2.0277","631.6282"
"109.58200","1.51912","13,121.61523","2.0337","632.1614"
"109.68200","1.52106","13,140.00781","2.0411","633.0474"
"109.78200","1.52287","13,160.86035","2.0481","634.0521"
"109.88200","1.52387","13,158.49414","2.0519","633.9380"
"109.98200","1.52562","13,169.17871","2.0587","634.4528"
"110.08200","1.52769","13,198.18457","2.0666","635.8502"
"110.18200","1.52925","13,208.31055","2.0726","636.3381"
"110.28200","1.53081","13,218.87207","2.0786","636.8469"
"110.38200","1.53262","13,235.26758","2.0856","637.6368"
"110.48200","1.53469","13,257.08887","2.0935","638.6880"
"110.58200","1.53569","13,259.56738","2.0974","638.8075"
"110.68200","1.53725","13,266.17578","2.1034","639.1259"
"110.78200","1.53950","13,297.47559","2.1120","640.6338"
"110.88200","1.54087","13,303.22168","2.1173","640.9106"
"110.98200","1.54244","13,314.57520","2.1233","641.4576"
"111.08200","1.54425","13,332.27148","2.1303","642.3102"
"111.18200","1.54637","13,354.11328","2.1385","643.3624"
"111.28200","1.54750","13,361.18848","2.1428","643.7033"
"111.38200","1.54887","13,363.76953","2.1481","643.8276"
"111.48200","1.55106","13,390.07031","2.1565","645.0947"
"111.58200","1.55256","13,403.20605","2.1623","645.7276"
"111.68200","1.55412","13,415.45410","2.1683","646.3176"
"111.78200","1.55600","13,430.67285","2.1755","647.0508"
"111.88200","1.55800","13,452.43164","2.1832","648.0991"
"111.98200","1.55919","13,460.05078","2.1878","648.4662"
"112.08200","1.56044","13,461.36523","2.1926","648.5295"
"112.18200","1.56262","13,488.23633","2.2010","649.8241"
"112.28200","1.56431","13,504.38477","2.2075","650.6021"
"112.38200","1.56581","13,515.54883","2.2132","651.1400"
"112.48200","1.56750","13,527.69629","2.2197","651.7252"
"112.58200","1.56956","13,547.84863","2.2277","652.6960"
"112.68200","1.57100","13,563.25195","2.2332","653.4381"
"112.78200","1.57212","13,561.59180","2.2375","653.3582"
"112.88200","1.57437","13,583.86426","2.2462","654.4312"
"112.98200","1.57600","13,603.07520","2.2524","655.3567"
"113.08200","1.57750","13,612.54199","2.2582","655.8128"
"113.18200","1.57919","13,623.97852","2.2647","656.3638"
"113.28200","1.58119","13,645.43262","2.2724","657.3973"
"113.38200","1.58281","13,663.23340","2.2786","658.2549"
"113.48200","1.58381","13,659.97754","2.2825","658.0981"
"113.58200","1.58581","13,677.77539","2.2902","658.9556"
"113.68200","1.58762","13,700.63086","2.2971","660.0566"
"113.78200","1.58919","13,711.97266","2.3031","660.6031"
"113.88200","1.59075","13,721.97168","2.3092","661.0848"
"113.98200","1.59300","13,747.37012","2.3178","662.3084"
"114.08200","1.59444","13,759.76953","2.3233","662.9058"
"114.18200","1.59550","13,758.51953","2.3274","662.8456"
"114.28200","1.59737","13,773.87793","2.3346","663.5854"
"114.38200","1.59931","13,800.30176","2.3421","664.8585"
"114.48200","1.60087","13,810.35742","2.3481","665.3430"
"114.58200","1.60244","13,821.22754","2.3541","665.8666"
"114.68200","1.60431","13,839.32422","2.3613","666.7385"
"114.78200","1.60619","13,858.80859","2.3685","667.6772"
"114.88200","1.60725","13,860.45117","2.3726","667.7563"
"114.98200","1.60900","13,871.21484","2.3793","668.2749"
"115.08200","1.61100","13,900.27246","2.3870","669.6748"
"115.18200","1.61256","13,908.86621","2.3931","670.0888"
"115.28200","1.61406","13,918.68750","2.3988","670.5620"
"115.38200","1.61606","13,940.02734","2.4065","671.5901"
"115.48200","1.61800","13,961.16211","2.4140","672.6083"
"115.58200","1.61900","13,962.01270","2.4178","672.6493"
"115.68200","1.62050","13,968.03223","2.4236","672.9393"
"115.78200","1.62269","13,996.99121","2.4320","674.3344"
"115.88200","1.62425","14,008.64746","2.4380","674.8960"
"115.98200","1.62581","14,019.00684","2.4440","675.3951"
"116.08200","1.62769","14,036.96680","2.4512","676.2603"
"116.18200","1.62962","14,057.61523","2.4587","677.2551"
"116.28200","1.63075","14,061.34766","2.4630","677.4349"
"116.38200","1.63212","14,065.83008","2.4683","677.6509"
"116.48200","1.63444","14,095.92773","2.4772","679.1009"
"116.58200","1.63600","14,108.51953","2.4832","679.7075"
"116.68200","1.63744","14,118.55371","2.4887","680.1910"
"116.78200","1.63925","14,133.47168","2.4957","680.9097"
"116.88200","1.64125","14,154.36133","2.5034","681.9161"
"116.98200","1.64250","14,163.79395","2.5082","682.3705"
"117.08200","1.64375","14,165.46973","2.5130","682.4512"
"117.18200","1.64619","14,193.13672","2.5224","683.7842"
"117.28200","1.64756","14,205.57910","2.5277","684.3836"
"117.38200","1.64906","14,214.28906","2.5334","684.8032"
"117.48200","1.65100","14,232.69336","2.5409","685.6899"
"117.58200","1.65294","14,252.14160","2.5483","686.6268"
"117.68200","1.65431","14,264.62207","2.5536","687.2281"
"117.78200","1.65544","14,263.61816","2.5580","687.1797"
"117.88200","1.65756","14,284.29297","2.5661","688.1758"
"117.98200","1.65925","14,304.51758","2.5726","689.1501"
"118.08200","1.66081","14,315.34570","2.5786","689.6718"
"118.18200","1.66262","14,329.53613","2.5856","690.3555"
"118.28200","1.66450","14,347.57715","2.5928","691.2247"
"118.38200","1.66606","14,363.34375","2.5988","691.9843"
"118.48200","1.66712","14,362.11621","2.6029","691.9251"
"118.58200","1.66919","14,380.39551","2.6108","692.8057"
"118.68200","1.67100","14,404.39844","2.6178","693.9621"
"118.78200","1.67250","14,413.08984","2.6236","694.3809"
"118.88200","1.67419","14,426.06641","2.6301","695.0060"
"118.98200","1.67606","14,444.94922","2.6373","695.9158"
"119.08200","1.67781","14,464.86426","2.6440","696.8752"
"119.18200","1.67887","14,462.95801","2.6481","696.7834"
"119.28200","1.68081","14,478.04883","2.6556","697.5104"
"119.38200","1.68256","14,503.08398","2.6623","698.7165"
"119.48200","1.68412","14,511.17285","2.6683","699.1062"
"119.58200","1.68575","14,524.36719","2.6745","699.7419"
"119.68200","1.68781","14,548.06152","2.6825","700.8834"
"119.78200","1.68962","14,567.31543","2.6894","701.8110"
"119.88200","1.69056","14,564.16406","2.6931","701.6592"
"119.98200","1.69219","14,574.16309","2.6993","702.1409"
"120.08200","1.69431","14,604.04590","2.7075","703.5806"
"120.18200","1.69587","14,614.65332","2.7135","704.0916"
"120.28200","1.69744","14,625.49121","2.7195","704.6137"
"120.38200","1.69937","14,646.45410","2.7269","705.6237"
"120.48200","1.70125","14,665.27246","2.7342","706.5303"
"120.58200","1.70231","14,667.27539","2.7382","706.6268"
"120.68200","1.70375","14,672.42383","2.7438","706.8748"
"120.78200","1.70612","14,704.61523","2.7529","708.4257"
"120.88200","1.70762","14,715.62988","2.7587","708.9564"
"120.98200","1.70919","14,726.45801","2.7647","709.4780"
"121.08200","1.71094","14,741.54590","2.7714","710.2049"
"121.18200","1.71300","14,763.42871","2.7793","711.2592"
"121.28200","1.71412","14,769.44238","2.7837","711.5489"
"121.38200","1.71550","14,771.60352","2.7890","711.6530"
"121.48200","1.71787","14,802.69922","2.7981","713.1511"
"121.58200","1.71919","14,811.24902","2.8031","713.5630"
"121.68200","1.72081","14,823.72461","2.8094","714.1641"
"121.78200","1.72262","14,840.65820","2.8164","714.9799"
"121.88200","1.72462","14,860.54492","2.8241","715.9379"
"121.98200","1.72594","14,872.87305","2.8291","716.5319"
"122.08200","1.72712","14,872.59863","2.8337","716.5187"
"122.18200","1.72937","14,898.23145","2.8423","717.7535"
"122.28200","1.73094","14,914.36621","2.8483","718.5309"
"122.38200","1.73244","14,925.63086","2.8541","719.0736"
"122.48200","1.73425","14,939.61621","2.8611","719.7474"
"122.58200","1.73631","14,962.35449","2.8690","720.8428"
"122.68200","1.73762","14,972.91895","2.8741","721.3518"
"122.78200","1.73875","14,972.35742","2.8784","721.3248"
"122.88200","1.74094","14,994.25293","2.8868","722.3796"
"122.98200","1.74262","15,016.38770","2.8933","723.4460"
"123.08200","1.74425","15,027.68848","2.8995","723.9904"
"123.18200","1.74581","15,038.92871","2.9056","724.5320"
"123.28200","1.74769","15,057.02734","2.9128","725.4039"
"123.38200","1.74944","15,078.22559","2.9195","726.4252"
"123.48200","1.75044","15,075.50586","2.9233","726.2941"
"123.58200","1.75256","15,093.82422","2.9315","727.1766"
"123.68200","1.75431","15,117.39941","2.9382","728.3124"
"123.78200","1.75587","15,126.40137","2.9443","728.7462"
"123.88200","1.75744","15,138.70703","2.9503","729.3390"
"123.98200","1.75937","15,157.83105","2.9577","730.2603"
"124.08200","1.76125","15,180.66699","2.9649","731.3605"
"124.18200","1.76219","15,177.29883","2.9685","731.1982"
"124.28200","1.76406","15,190.56152","2.9757","731.8372"
"124.38200","1.76594","15,216.89844","2.9830","733.1060"
"124.48200","1.76762","15,228.89844","2.9894","733.6841"
"124.58200","1.76919","15,240.59277","2.9955","734.2476"
"124.68200","1.77112","15,260.18262","3.0029","735.1913"
"124.78200","1.77294","15,279.09961","3.0099","736.1027"
"124.88200","1.77394","15,278.40918","3.0137","736.0695"
"124.98200","1.77562","15,288.03711","3.0202","736.5333"
"125.08200","1.77762","15,316.10938","3.0279","737.8857"
"125.18200","1.77931","15,327.90918","3.0344","738.4542"
"125.28200","1.78081","15,339.40723","3.0402","739.0081"
"125.38200","1.78262","15,356.31445","3.0471","739.8227"
"125.48200","1.78462","15,378.41113","3.0548","740.8872"
"125.58200","1.78562","15,380.76953","3.0587","741.0009"
"125.68200","1.78719","15,387.24414","3.0647","741.3128"
"125.78200","1.78944","15,420.75391","3.0733","742.9272"
"125.88200","1.79087","15,426.79395","3.0789","743.2182"
"125.98200","1.79244","15,438.43262","3.0849","743.7789"
"126.08200","1.79425","15,456.07031","3.0918","744.6286"
"126.18200","1.79637","15,478.50977","3.1000","745.7097"
"126.28200","1.79750","15,485.22559","3.1043","746.0333"
"126.38200","1.79881","15,487.36133","3.1094","746.1361"
"126.48200","1.80106","15,514.89941","3.1181","747.4628"
"126.58200","1.80262","15,528.32715","3.1241","748.1097"
"126.68200","1.80412","15,539.99316","3.1298","748.6718"
"126.78200","1.80606","15,556.25977","3.1373","749.4554"
"126.88200","1.80800","15,577.06641","3.1447","750.4579"
"126.98200","1.80919","15,583.86426","3.1493","750.7853"
"127.08200","1.81044","15,585.55957","3.1541","750.8671"
"127.18200","1.81269","15,612.52637","3.1628","752.1662"
"127.28200","1.81431","15,629.07227","3.1690","752.9634"
"127.38200","1.81581","15,639.29199","3.1748","753.4557"
"127.48200","1.81756","15,652.26270","3.1815","754.0806"
"127.58200","1.81950","15,672.11133","3.1890","755.0369"
"127.68200","1.82100","15,688.38477","3.1947","755.8209"
"127.78200","1.82212","15,686.43750","3.1991","755.7271"
"127.88200","1.82431","15,709.31836","3.2075","756.8294"
"127.98200","1.82594","15,727.73340","3.2137","757.7166"
"128.08200","1.82744","15,738.94922","3.2195","758.2569"
"128.18200","1.82912","15,750.19238","3.2260","758.7986"
"128.28200","1.83119","15,772.10742","3.2339","759.8544"
"128.38200","1.83275","15,790.63086","3.2399","760.7468"
"128.48200","1.83381","15,787.07715","3.2440","760.5756"
"128.58200","1.83581","15,804.83887","3.2517","761.4313"
"128.68200","1.83756","15,828.84082","3.2584","762.5876"
"128.78200","1.83919","15,839.99707","3.2647","763.1251"
"128.88200","1.84075","15,849.97070","3.2707","763.6056"
"128.98200","1.84300","15,875.97852","3.2793","764.8586"
"129.08200","1.84444","15,889.50195","3.2849","765.5101"
"129.18200","1.84544","15,886.64453","3.2887","765.3724"
"129.28200","1.84744","15,902.43848","3.2964","766.1334"
"129.38200","1.84937","15,930.02930","3.3039","767.4626"
"129.48200","1.85087","15,940.33789","3.3096","767.9592"
"129.58200","1.85244","15,950.57715","3.3156","768.4525"
"129.68200","1.85437","15,969.37012","3.3231","769.3579"
"129.78200","1.85619","15,990.69434","3.3301","770.3853"
"129.88200","1.85725","15,990.46094","3.3342","770.3740"
"129.98200","1.85900","16,001.63867","3.3409","770.9125"
"130.08200","1.86100","16,030.61133","3.3486","772.3083"
"130.18200","1.86256","16,039.09766","3.3546","772.7172"
"130.28200","1.86406","16,050.20508","3.3604","773.2523"
"130.38200","1.86606","16,070.78027","3.3681","774.2436"
"130.48200","1.86794","16,091.10645","3.3753","775.2228"
"130.58200","1.86900","16,092.91113","3.3793","775.3098"
"130.68200","1.87050","16,098.45020","3.3851","775.5766"
"130.78200","1.87262","16,128.33887","3.3933","777.0166"
"130.88200","1.87425","16,142.33398","3.3995","777.6908"
"130.98200","1.87581","16,153.59375","3.4056","778.2333"
"131.08200","1.87769","16,171.39551","3.4128","779.0909"
"131.18200","1.87962","16,191.71973","3.4202","780.0701"
"131.28200","1.88069","16,196.53223","3.4243","780.3019"
"131.38200","1.88212","16,200.62598","3.4298","780.4991"
"131.48200","1.88444","16,230.87695","3.4387","781.9565"
"131.58200","1.88600","16,243.63770","3.4447","782.5714"
"131.68200","1.88750","16,254.43652","3.4505","783.0916"
"131.78200","1.88925","16,269.02344","3.4572","783.7944"
"131.88200","1.89125","16,289.56055","3.4649","784.7838"
"131.98200","1.89256","16,300.46484","3.4700","785.3091"
"132.08200","1.89381","16,301.05664","3.4748","785.3376"
"132.18200","1.89619","16,329.21289","3.4839","786.6941"
"132.28200","1.89756","16,342.71191","3.4892","787.3444"
"132.38200","1.89906","16,353.85645","3.4950","787.8813"
"132.48200","1.90106","16,371.57520","3.5027","788.7350"
"132.58200","1.90300","16,392.23633","3.5101","789.7304"
"132.68200","1.90431","16,402.34375","3.5152","790.2173"
"132.78200","1.90544","16,402.12305","3.5195","790.2067"
"132.88200","1.90762","16,424.46289","3.5279","791.2830"
"132.98200","1.90931","16,445.25586","3.5344","792.2847"
"133.08200","1.91081","16,455.02539","3.5402","792.7554"
"133.18200","1.91262","16,470.60156","3.5471","793.5058"
"133.28200","1.91450","16,488.79102","3.5543","794.3821"
"133.38200","1.91600","16,504.88086","3.5601","795.1573"
"133.48200","1.91712","16,504.26758","3.5644","795.1277"
"133.58200","1.91912","16,522.33789","3.5721","795.9983"
"133.68200","1.92100","16,546.58398","3.5793","797.1664"
"133.78200","1.92250","16,555.24609","3.5851","797.5837"
"133.88200","1.92419","16,568.38672","3.5916","798.2168"
"133.98200","1.92600","16,587.54102","3.5986","799.1396"
"134.08200","1.92781","16,607.29883","3.6056","800.0915"
"134.18200","1.92881","16,606.50000","3.6094","800.0530"
"134.28200","1.93075","16,620.95703","3.6169","800.7495"
"134.38200","1.93256","16,646.04492","3.6238","801.9581"
"134.48200","1.93412","16,654.64844","3.6298","802.3726"
"134.58200","1.93581","16,667.41016","3.6363","802.9875"
"134.68200","1.93781","16,689.93750","3.6440","804.0728"
"134.78200","1.93962","16,708.06445","3.6510","804.9460"
"134.88200","1.94056","16,705.49414","3.6546","804.8223"
"134.98200","1.94219","16,713.91602","3.6608","805.2280"
"135.08200","1.94437","16,744.34180","3.6693","806.6938"
"135.09600","1.94500","16,388.85742","3.6717","789.5676"
"135.09800","1.94531","15,932.26758","3.6729","767.5704"
"135.10000","1.94569","15,303.45703","3.6743","737.2762"
"135.10200","1.94612","14,559.33301","3.6760","701.4265"
"135.10400","1.94650","13,730.62598","3.6774","661.5017"
"135.10600","1.94694","12,834.48828","3.6791","618.3284"
"135.10800","1.94744","11,895.05664","3.6810","573.0693"
"135.11000","1.94787","10,937.40137","3.6827","526.9323"
"135.11200","1.94831","9,978.20703","3.6844","480.7211"
